CREATE DATABASE PRAC1
GO
USE PRAC1

GO
CREATE TABLE DEPARTAMENTO
(
ID_DEPARTAMENTO   VARCHAR(20) PRIMARY KEY NOT NULL,
NOMBRE_DEPTO      VARCHAR(50) NOT NULL,
DESCRIPCION       VARCHAR(50),
)
GO
CREATE TABLE PERSONA
(
ID_PERSONA        VARCHAR(20) PRIMARY KEY NOT NULL,
NOMBRE            VARCHAR(50) NOT NULL,
APATERNO          VARCHAR(50) NOT NULL,
AMATERNO          VARCHAR(50) NOT NULL,
FECHANACIMIENTO   DATE NOT NULL,
DIRECCION         VARCHAR(50) NULL,
E_MAIL            VARCHAR(50) NULL,
TELEFONO          VARCHAR(20) NULL,
D_ID_DEPARTAMENTO VARCHAR(20) FOREIGN KEY REFERENCES DEPARTAMENTO
)
GO
CREATE TABLE ROL
(
ID_ROL             VARCHAR(20) PRIMARY KEY NOT NULL,
TIPO               VARCHAR(20) NULL,
)
GO
CREATE TABLE ROL_PERSONA
(
P_ID_PERSONA      VARCHAR(20) FOREIGN KEY REFERENCES PERSONA,
R_ID_ROL          VARCHAR(20) FOREIGN KEY REFERENCES ROL,
FECHA             DATE
)
GO
CREATE TABLE EVENTOS
(
ID_EVENTO         VARCHAR(20) PRIMARY KEY NOT NULL,
NOMBRE_EVENTO     VARCHAR(50),
TIPO_EVENTO       VARCHAR(50),
FECHA_EVENTO      DATE,
DESCRIPCION       VARCHAR(50)
)
CREATE TABLE ESTATUS
(
ID_ESTATUS         VARCHAR(20) PRIMARY KEY NOT NULL,
E_ID_EVENTO        VARCHAR(20) FOREIGN KEY REFERENCES EVENTOS,
ESTADO             VARCHAR(20)
)
CREATE TABLE CASOS
(
ID_CASOS           VARCHAR(20) PRIMARY KEY NOT NULL,
NOMBRE_CASO        VARCHAR(50),
E_ID_EVENTO        VARCHAR(20) FOREIGN KEY REFERENCES EVENTOS,
D_ID_DEPARTAMENTOS VARCHAR(20) FOREIGN KEY REFERENCES DEPARTAMENTO,
DESCRIPCION        VARCHAR(50),
FECHA_CASO         DATE
)
GO
CREATE TABLE PERSONA_CASOS
(
C_ID_CASOS       VARCHAR(20) FOREIGN KEY REFERENCES CASOS,
P_ID_PERSONA     VARCHAR(20) FOREIGN KEY REFERENCES PERSONA
)

--************************************************************************************  VALORES  **********************************************
-- PERSONA :
INSERT INTO PERSONA([ID_PERSONA ],[NOMBRE ],[APATERNO],[AMATERNO ],[FECHANACIMIENTO],[DIRECCION   ],[E_MAIL  ],[TELEFONO ],[D_ID_DEPARTAMENTO]) VALUES(1,'MARIA','PRIMA','NIETO','03/09/1996','4926 Erat Avenue','Quisque@loremauctorquis.co.uk','1-528-749-8056',1),(2,'XAVIER','CORTES','RETANA','10/25/1970','Ap #747-8755 Quis Rd.','Aliquam.rutrum.lorem@Nullasempertellus.co.uk','1-414-884-5955',2),(3,'NATALIA','GUZMAN','VERDUZCO','10/28/1992','338-421 Auctor Av.','vel@semperetlacinia.co.uk','1-543-792-4100',3),(4,'SERGIO','NORBERTO','SUAREZ','07/03/1970','Ap #339-1767 Lobortis St.','convallis@necligulaconsectetuer.org','1-903-127-3631',4),(5,'JIMENA','CORTES','JIMENEZ','12/20/1970','1957 In St.','interdum@tellus.com','1-592-844-6003',5),(6,'DANNA','PRIMA','SALAZAR','06/25/1977','P.O. Box 819, 1396 Tempor Road','Aenean@netusetmalesuada.edu','1-419-228-1073',6),(7,'PILAR','FLORES','RETANA','02/28/1989','Ap #510-9479 Nulla Rd.','nunc@vulputate.co.uk','1-675-354-7333',7),(8,'MARINA','RETANA','TORRES','06/03/1980','851-2529 Rhoncus Av.','Proin.ultrices@NullainterdumCurabitur.net','1-234-754-0477',8),(9,'SERGIO','JIMENEZ','CORTES','04/06/1973','188-7461 Semper, Street','urna@egetmassaSuspendisse.ca','1-542-907-0542',9),(10,'LUCIA','PRIMA','PRIMA','05/26/1984','3091 Sed Ave','elit.dictum@nequevitaesemper.edu','1-624-846-8180',10);
INSERT INTO PERSONA([ID_PERSONA ],[NOMBRE ],[APATERNO],[AMATERNO ],[FECHANACIMIENTO],[DIRECCION   ],[E_MAIL  ],[TELEFONO ],[D_ID_DEPARTAMENTO]) VALUES(11,'JIMENA','GUZMAN','VERDUZCO','10/20/1994','P.O. Box 576, 2666 Iaculis Avenue','ullamcorper.viverra.Maecenas@Uttinciduntorci.org','1-155-810-4265',11),(12,'TLACA','SALAZAR','PRIMA','08/02/1990','P.O. Box 911, 9998 Sodales. Av.','vitae.erat@eget.edu','1-543-233-7924',12),(13,'EVA','SUAREZ','PRIMA','04/12/1983','Ap #316-2985 Arcu. Rd.','gravida@pellentesquemassalobortis.org','1-180-430-1166',13),(14,'MARIA','NUÑEZ','FLORES','03/20/1992','Ap #293-1847 Lobortis Av.','et.commodo@iaculis.co.uk','1-185-785-7028',14),(15,'JIMENA','ROSAS','JIMENEZ','10/12/1991','P.O. Box 627, 2684 Habitant Av.','volutpat@Cras.com','1-242-161-0017',15),(16,'SERGIO','FLORES','TORRES','12/19/1995','139 Aliquam Avenue','Sed.dictum.Proin@urna.com','1-500-339-6025',16),(17,'XAVIER','NUÑEZ','GUZMAN','11/10/1971','Ap #395-460 Placerat. Street','neque.sed@eu.ca','1-819-711-4022',17),(18,'JIMENA','CERVANTES','NIETO','06/28/1989','Ap #849-457 Interdum St.','Proin.velit.Sed@in.org','1-602-551-6618',18),(19,'ALEXANDRA','SALAZAR','SUAREZ','10/13/1981','P.O. Box 779, 5163 Mattis St.','quis.urna.Nunc@enim.com','1-618-152-1987',19),(20,'PILAR','PRECIADO','RETANA','11/01/1982','P.O. Box 329, 6016 Tincidunt Av.','erat.vitae.risus@fringillaDonecfeugiat.net','1-348-328-3252',20);
INSERT INTO PERSONA([ID_PERSONA ],[NOMBRE ],[APATERNO],[AMATERNO ],[FECHANACIMIENTO],[DIRECCION   ],[E_MAIL  ],[TELEFONO ],[D_ID_DEPARTAMENTO]) VALUES(21,'DENNIS','PRIMA','GOMEZ','11/03/1995','P.O. Box 336, 2574 Urna. St.','per@sit.org','1-710-256-4381',21),(22,'GUSTAVO','VERDUZCO','SALAZAR','12/19/1980','116-3532 Nec St.','et@risusDuisa.ca','1-403-289-6335',22),(23,'DENNIS','CORTES','JIMENEZ','11/11/1989','P.O. Box 223, 8153 Magna. St.','mauris.sagittis@amet.edu','1-105-913-2387',23),(24,'ANGEL','PRIMA','RETANA','09/04/1983','Ap #514-156 Phasellus Ave','Donec@Praesenteunulla.com','1-421-266-4395',24),(25,'GUSTAVO','GOMEZ','CORTES','12/03/1987','2876 Odio Avenue','volutpat.Nulla.dignissim@ante.edu','1-116-416-0283',25),(26,'JESUS','ROSAS','VERDUZCO','01/09/1971','333-8476 Orci Av.','Donec.fringilla.Donec@ornare.edu','1-461-722-3294',26),(27,'LUIS','GOMEZ','PIZANO','04/20/1986','P.O. Box 638, 4140 Nisl Rd.','malesuada@dictum.org','1-970-809-0507',27),(28,'FELIPE','CERVANTES','SUAREZ','10/21/1976','Ap #863-813 Pede Avenue','mus.Proin.vel@feugiat.com','1-866-988-0151',28),(29,'SALMA','SUAREZ','GOMEZ','11/17/1996','Ap #806-3066 Ac Road','elit.pharetra.ut@nec.net','1-375-638-7198',29),(30,'LUCIA','SALAZAR','CERVANTES','05/05/1975','957-828 Eu Rd.','vitae@infaucibus.co.uk','1-193-960-7324',30);
INSERT INTO PERSONA([ID_PERSONA ],[NOMBRE ],[APATERNO],[AMATERNO ],[FECHANACIMIENTO],[DIRECCION   ],[E_MAIL  ],[TELEFONO ],[D_ID_DEPARTAMENTO]) VALUES(31,'MARINA','TORRES','PIZANO','12/01/1993','P.O. Box 850, 4989 Parturient Avenue','vel.lectus@congue.net','1-450-345-4075',31),(32,'ALEJANDRO','NIETO','VERDUZCO','02/17/1995','4360 Purus Av.','vitae.aliquam@sit.co.uk','1-153-536-6569',32),(33,'NATALIA','PRIMA','TORRES','09/24/1996','P.O. Box 799, 7033 Laoreet, Rd.','Phasellus@VivamusnisiMauris.co.uk','1-550-678-1341',33),(34,'ALEJANDRA','SUAREZ','SUAREZ','03/11/1990','P.O. Box 714, 9124 Lectus. Av.','iaculis@nuncInat.net','1-672-531-5760',34),(35,'XAVIER','SUAREZ','PRECIADO','08/20/1990','970-5430 Egestas. St.','Duis@lacus.org','1-296-866-4898',35),(36,'XAVIER','NIETO','PRECIADO','05/02/1973','Ap #951-2331 Magnis Av.','sagittis.lobortis.mauris@temporaugueac.org','1-478-396-6707',36),(37,'SALMA','FLORES','PRECIADO','04/20/1993','722-3591 Nonummy Rd.','ullamcorper@magnaPraesentinterdum.ca','1-671-748-5627',37),(38,'ALEJANDRO','NORBERTO','JIMENEZ','04/12/1981','P.O. Box 407, 6836 Nibh. Rd.','mi.tempor@venenatis.co.uk','1-951-172-6288',38),(39,'FELIPE','RETANA','NUÑEZ','05/10/1973','P.O. Box 346, 1604 Laoreet Avenue','magnis.dis.parturient@scelerisqueduiSuspendisse.edu','1-712-697-7744',39),(40,'DENNIS','PIZANO','NUÑEZ','08/13/1988','263-8369 Laoreet Av.','amet@sagittisplaceratCras.com','1-991-981-3584',40);
INSERT INTO PERSONA([ID_PERSONA ],[NOMBRE ],[APATERNO],[AMATERNO ],[FECHANACIMIENTO],[DIRECCION   ],[E_MAIL  ],[TELEFONO ],[D_ID_DEPARTAMENTO]) VALUES(41,'EVA','GOMEZ','CORTES','10/03/1983','735-9693 Hendrerit Rd.','Class.aptent.taciti@mi.org','1-920-659-5656',41),(42,'JIMENA','PRECIADO','RETANA','12/02/1991','Ap #628-7228 Felis Rd.','amet@CuraeDonectincidunt.org','1-631-914-4041',42),(43,'CRISTIAN','PRECIADO','FLORES','03/22/1982','537-1665 Nisi. Avenue','vel.nisl@ettristique.net','1-683-639-6837',43),(44,'SERGIO','TORRES','JIMENEZ','03/17/1988','975-3503 Ut Rd.','purus@Cumsociis.ca','1-919-695-9891',44),(45,'CRISTIAN','ROSAS','NORBERTO','12/21/1997','P.O. Box 501, 3026 Congue. Ave','velit.Quisque.varius@erat.edu','1-400-563-0251',45),(46,'FERNANDA','FLORES','GOMEZ','06/12/1986','Ap #203-2053 Senectus Avenue','In.at@tinciduntcongueturpis.ca','1-147-950-8922',46),(47,'XAVIER','PRECIADO','ROSAS','09/04/1977','9568 Iaculis Ave','Donec@adipiscingelit.com','1-128-785-6717',47),(48,'PILAR','CORTES','RETANA','05/01/1985','7726 Montes, St.','arcu.ac.orci@urnaVivamusmolestie.com','1-556-442-3602',48),(49,'MARIA','RETANA','CORTES','12/20/1984','720-191 Quis, St.','enim.nec@ante.com','1-732-704-1126',49),(50,'KARINA','VERDUZCO','NIETO','08/07/1976','P.O. Box 163, 7050 Lacus. Road','nunc.risus@CurabiturmassaVestibulum.org','1-976-983-3052',50);
INSERT INTO PERSONA([ID_PERSONA ],[NOMBRE ],[APATERNO],[AMATERNO ],[FECHANACIMIENTO],[DIRECCION   ],[E_MAIL  ],[TELEFONO ],[D_ID_DEPARTAMENTO]) VALUES(51,'MARIA','NUÑEZ','SALAZAR','02/16/1990','Ap #339-9270 Eget St.','volutpat@Vestibulumante.net','1-222-567-9560',51),(52,'VANESA','RETANA','GOMEZ','08/13/1991','P.O. Box 372, 3015 Dolor Rd.','luctus.aliquet@egetodio.ca','1-294-305-1620',52),(53,'GUSTAVO','ROSAS','GUZMAN','01/03/1996','P.O. Box 799, 5541 Imperdiet, Rd.','nibh.enim.gravida@vitae.edu','1-105-742-6526',53),(54,'NATALIA','PRIMA','VERDUZCO','10/26/1981','Ap #981-4247 Massa Avenue','scelerisque.dui.Suspendisse@CurabiturdictumPhasellus.edu','1-171-803-1139',54),(55,'XAVIER','PRIMA','NORBERTO','09/07/1986','1548 Tellus Rd.','sed.tortor@tinciduntadipiscing.net','1-167-940-5423',55),(56,'LUCIA','CORTES','CORTES','04/07/1977','Ap #357-6221 Diam Av.','sed.tortor@laoreetlibero.edu','1-579-251-9174',56),(57,'GUSTAVO','LOPEZ','NORBERTO','08/12/1977','8156 In Rd.','orci.luctus@Nullam.org','1-211-621-6030',57),(58,'MARINA','GUZMAN','ROSAS','09/10/1983','550-5993 Nunc St.','Nunc@ligulaeuenim.com','1-478-259-1209',58),(59,'MARIA','RETANA','LOPEZ','07/31/1995','Ap #452-6746 Mi. Av.','Fusce.feugiat@nibhvulputatemauris.org','1-324-637-2540',59),(60,'MARINA','GOMEZ','NORBERTO','03/26/1987','P.O. Box 663, 116 Fusce Av.','quis.massa.Mauris@ultrices.net','1-308-452-5243',60);
INSERT INTO PERSONA([ID_PERSONA ],[NOMBRE ],[APATERNO],[AMATERNO ],[FECHANACIMIENTO],[DIRECCION   ],[E_MAIL  ],[TELEFONO ],[D_ID_DEPARTAMENTO]) VALUES(61,'PILAR','CORTES','ROSAS','05/26/1984','4760 Bibendum. St.','auctor@Etiam.net','1-451-134-3823',61),(62,'LUCIA','FLORES','GUZMAN','02/13/1975','280-5116 Fermentum Rd.','Phasellus.nulla@Sednulla.co.uk','1-599-267-3498',62),(63,'FELIPE','JIMENEZ','JIMENEZ','10/09/1993','P.O. Box 406, 2990 Elit, Rd.','lacus@blanditcongue.org','1-465-861-2215',63),(64,'FELIPE','VERDUZCO','RETANA','06/19/1979','Ap #689-8996 Ornare, Street','vitae.semper.egestas@porttitoreros.org','1-225-885-5971',64),(65,'DANNA','SUAREZ','GOMEZ','03/02/1994','Ap #406-187 Risus. Ave','Proin.eget@justo.net','1-440-706-0370',65),(66,'TLACA','CERVANTES','CERVANTES','08/30/1991','537-5698 Ultricies Avenue','nisl@mauriserat.com','1-336-979-8546',66),(67,'XAVIER','TORRES','RETANA','05/22/1986','Ap #964-9999 Pede Street','tincidunt.nibh.Phasellus@risusvarius.org','1-700-647-8637',67),(68,'XAVIER','NORBERTO','SALAZAR','01/26/1975','750-1587 Et Street','sociis@antedictum.edu','1-784-812-4259',68),(69,'CRISTIAN','ROSAS','CORTES','03/28/1996','P.O. Box 501, 4086 Ut, Av.','rutrum.magna.Cras@sitamet.net','1-821-664-2052',69),(70,'FELIPE','RETANA','PIZANO','11/24/1980','Ap #404-2787 At, Rd.','Mauris.vel@sit.net','1-913-439-8472',70);
INSERT INTO PERSONA([ID_PERSONA ],[NOMBRE ],[APATERNO],[AMATERNO ],[FECHANACIMIENTO],[DIRECCION   ],[E_MAIL  ],[TELEFONO ],[D_ID_DEPARTAMENTO]) VALUES(71,'ALEJANDRO','FLORES','PRIMA','01/26/1983','2551 Sit Road','a.malesuada.id@quismassa.ca','1-900-224-8970',71),(72,'JESUS','LOPEZ','SUAREZ','08/19/1986','857-5201 Quam Road','lectus.Cum@viverraDonec.net','1-822-209-1184',72),(73,'JESUS','CERVANTES','TORRES','07/17/1971','Ap #970-4619 Ac Road','lorem@metusvitaevelit.edu','1-798-851-9291',73),(74,'ALEJANDRO','SALAZAR','NORBERTO','08/18/1972','3586 Ac, Rd.','ac.mi.eleifend@massarutrum.org','1-505-563-4080',74),(75,'EVA','FLORES','CORTES','06/11/1987','9425 Feugiat Av.','lectus.convallis.est@dis.com','1-453-747-9918',75),(76,'JESUS','TORRES','NIETO','11/07/1971','6221 Duis Rd.','enim.sit@elit.edu','1-350-760-1985',76),(77,'GUSTAVO','NIETO','RETANA','02/04/1980','P.O. Box 302, 4008 Dui. St.','In@est.net','1-555-252-5855',77),(78,'ALEJANDRO','PRIMA','CERVANTES','01/14/1996','P.O. Box 330, 2838 Non, St.','fringilla.porttitor.vulputate@Phasellusnulla.org','1-487-642-6538',78),(79,'JESUS','TORRES','NUÑEZ','10/30/1980','P.O. Box 104, 1552 Malesuada St.','sollicitudin.commodo@Donectempus.org','1-284-533-7429',79),(80,'NATALIA','NORBERTO','NUÑEZ','04/02/1994','Ap #218-2874 Orci Rd.','habitant.morbi.tristique@Donecnibh.net','1-758-380-3618',80);
INSERT INTO PERSONA([ID_PERSONA ],[NOMBRE ],[APATERNO],[AMATERNO ],[FECHANACIMIENTO],[DIRECCION   ],[E_MAIL  ],[TELEFONO ],[D_ID_DEPARTAMENTO]) VALUES(81,'ANGEL','FLORES','LOPEZ','12/10/1970','Ap #614-1680 Sed St.','ac@eget.org','1-566-853-0836',81),(82,'DENNIS','TORRES','NORBERTO','02/01/1983','708-777 Cras Street','ante@semper.net','1-679-945-3198',82),(83,'ALEJANDRO','NUÑEZ','PRECIADO','01/14/1987','Ap #213-2316 Et Rd.','accumsan.laoreet@Fusce.ca','1-950-107-7573',83),(84,'DENNIS','VERDUZCO','JIMENEZ','06/09/1996','201-2365 Senectus Street','luctus.sit@lorem.com','1-335-762-1013',84),(85,'JIMENA','GOMEZ','NUÑEZ','02/15/1981','P.O. Box 360, 216 Amet St.','hendrerit.Donec.porttitor@fringillaornare.net','1-347-620-5331',85),(86,'ANA','RETANA','PIZANO','02/23/1991','P.O. Box 617, 7254 Luctus Road','nec@enim.ca','1-124-681-4696',86),(87,'TLACA','NORBERTO','RETANA','05/23/1990','486-2305 Velit. St.','erat@euarcu.ca','1-342-521-7744',87),(88,'MARINA','SALAZAR','JIMENEZ','11/22/1977','P.O. Box 373, 8679 Nisi Road','interdum.Sed@egestasnunc.ca','1-495-116-0762',88),(89,'FERNANDA','CORTES','SUAREZ','01/12/1971','P.O. Box 388, 8991 Non Street','mi@sem.edu','1-352-278-3371',89),(90,'TLACA','CERVANTES','GUZMAN','12/18/1974','3087 Eu Avenue','vel.mauris@aaliquetvel.co.uk','1-558-477-9329',90);
INSERT INTO PERSONA([ID_PERSONA ],[NOMBRE ],[APATERNO],[AMATERNO ],[FECHANACIMIENTO],[DIRECCION   ],[E_MAIL  ],[TELEFONO ],[D_ID_DEPARTAMENTO]) VALUES(91,'DANNA','VERDUZCO','ROSAS','01/09/1983','8190 Lacus. St.','turpis@pellentesque.com','1-143-652-6920',91),(92,'ALEJANDRO','CORTES','CORTES','10/13/1981','Ap #322-5001 Aliquam Road','dictum@vehicula.org','1-111-171-7437',92),(93,'LUIS','RETANA','ROSAS','08/07/1982','302-9760 Mattis St.','Maecenas.malesuada@blandit.com','1-350-350-8647',93),(94,'XAVIER','PRIMA','SUAREZ','11/23/1973','P.O. Box 754, 6003 Arcu. Road','massa@arcueu.ca','1-296-405-6427',94),(95,'MARIA','NUÑEZ','TORRES','07/25/1974','145-7524 In Ave','viverra@dapibusgravidaAliquam.org','1-343-170-7262',95),(96,'CRISTIAN','PRECIADO','NORBERTO','12/05/1981','Ap #837-6443 Id, Avenue','ac.mattis.ornare@lacinia.ca','1-789-924-3119',96),(97,'SALMA','ROSAS','ROSAS','04/14/1972','566-9930 Fusce St.','mus@scelerisquesed.org','1-838-794-3431',97),(98,'ALEJANDRO','RETANA','NUÑEZ','04/14/1974','531-632 Risus. Av.','sit.amet.faucibus@nisl.ca','1-143-520-3744',98),(99,'PILAR','RETANA','VERDUZCO','09/02/1976','653-2237 Enim St.','quis.accumsan.convallis@lectus.com','1-125-992-5368',99),(100,'JESUS','NIETO','TORRES','01/03/1992','2762 Consectetuer, Street','odio.auctor@dolorNullasemper.org','1-228-579-4327',100);

-- ROL :
INSERT INTO ROL([ID_ROL ],[TIPO  ]) VALUES(1,'TESTIGO'),(2,'ACUSADO'),(3,'ABOGADO'),(4,'ABOGADO'),(5,'JUEZ'),(6,'TESTIGO'),(7,'JUEZ'),(8,'JUEZ'),(9,'ACUSADO'),(10,'ACUSADO');
INSERT INTO ROL([ID_ROL ],[TIPO  ]) VALUES(11,'ACUSADO'),(12,'TESTIGO'),(13,'TESTIGO'),(14,'ACUSADO'),(15,'ABOGADO'),(16,'ACUSADO'),(17,'ACUSADO'),(18,'ACUSADO'),(19,'JUEZ'),(20,'JUEZ');
INSERT INTO ROL([ID_ROL ],[TIPO  ]) VALUES(21,'TESTIGO'),(22,'ABOGADO'),(23,'ABOGADO'),(24,'ACUSADO'),(25,'ABOGADO'),(26,'JUEZ'),(27,'ACUSADO'),(28,'ABOGADO'),(29,'ACUSADO'),(30,'JUEZ');
INSERT INTO ROL([ID_ROL ],[TIPO  ]) VALUES(31,'JUEZ'),(32,'JUEZ'),(33,'TESTIGO'),(34,'ACUSADO'),(35,'TESTIGO'),(36,'ABOGADO'),(37,'TESTIGO'),(38,'ABOGADO'),(39,'ABOGADO'),(40,'ABOGADO');
INSERT INTO ROL([ID_ROL ],[TIPO  ]) VALUES(41,'JUEZ'),(42,'TESTIGO'),(43,'JUEZ'),(44,'TESTIGO'),(45,'ACUSADO'),(46,'JUEZ'),(47,'ABOGADO'),(48,'ACUSADO'),(49,'JUEZ'),(50,'TESTIGO');
INSERT INTO ROL([ID_ROL ],[TIPO  ]) VALUES(51,'ACUSADO'),(52,'JUEZ'),(53,'ACUSADO'),(54,'ACUSADO'),(55,'ABOGADO'),(56,'ACUSADO'),(57,'ACUSADO'),(58,'ABOGADO'),(59,'ABOGADO'),(60,'ACUSADO');
INSERT INTO ROL([ID_ROL ],[TIPO  ]) VALUES(61,'TESTIGO'),(62,'ABOGADO'),(63,'ABOGADO'),(64,'TESTIGO'),(65,'ACUSADO'),(66,'JUEZ'),(67,'ACUSADO'),(68,'ABOGADO'),(69,'ABOGADO'),(70,'ABOGADO');
INSERT INTO ROL([ID_ROL ],[TIPO  ]) VALUES(71,'ABOGADO'),(72,'ABOGADO'),(73,'JUEZ'),(74,'ABOGADO'),(75,'ABOGADO'),(76,'ABOGADO'),(77,'ACUSADO'),(78,'ACUSADO'),(79,'ACUSADO'),(80,'ABOGADO');
INSERT INTO ROL([ID_ROL ],[TIPO  ]) VALUES(81,'ACUSADO'),(82,'JUEZ'),(83,'JUEZ'),(84,'TESTIGO'),(85,'JUEZ'),(86,'ABOGADO'),(87,'TESTIGO'),(88,'ABOGADO'),(89,'JUEZ'),(90,'JUEZ');
INSERT INTO ROL([ID_ROL ],[TIPO  ]) VALUES(91,'ABOGADO'),(92,'JUEZ'),(93,'JUEZ'),(94,'TESTIGO'),(95,'JUEZ'),(96,'ABOGADO'),(97,'TESTIGO'),(98,'JUEZ'),(99,'ACUSADO'),(100,'ABOGADO');
-- ROL_PERSONA :
INSERT INTO ROL_PERSONA([P_ID_PERSONA  ],[R_ID_ROL ],[FECHA   ]) VALUES(1,1,'08/04/2018'),(2,2,'05/14/2017'),(3,3,'04/24/2018'),(4,4,'05/14/2017'),(5,5,'09/27/2017'),(6,6,'02/26/2019'),(7,7,'11/27/2017'),(8,8,'05/02/2019'),(9,9,'03/17/2019'),(10,10,'02/16/2019');
INSERT INTO ROL_PERSONA([P_ID_PERSONA  ],[R_ID_ROL ],[FECHA   ]) VALUES(11,11,'02/16/2018'),(12,12,'06/03/2017'),(13,13,'08/11/2018'),(14,14,'10/08/2018'),(15,15,'11/13/2017'),(16,16,'05/18/2017'),(17,17,'04/09/2019'),(18,18,'11/17/2017'),(19,19,'04/17/2019'),(20,20,'08/07/2018');
INSERT INTO ROL_PERSONA([P_ID_PERSONA  ],[R_ID_ROL ],[FECHA   ]) VALUES(21,21,'02/26/2018'),(22,22,'04/18/2019'),(23,23,'08/22/2017'),(24,24,'05/26/2018'),(25,25,'01/01/2019'),(26,26,'07/10/2018'),(27,27,'12/04/2018'),(28,28,'02/21/2019'),(29,29,'03/14/2019'),(30,30,'10/14/2018');
INSERT INTO ROL_PERSONA([P_ID_PERSONA  ],[R_ID_ROL ],[FECHA   ]) VALUES(31,31,'10/24/2017'),(32,32,'05/01/2019'),(33,33,'10/24/2017'),(34,34,'11/08/2017'),(35,35,'03/16/2018'),(36,36,'07/17/2017'),(37,37,'10/17/2018'),(38,38,'06/15/2018'),(39,39,'10/26/2017'),(40,40,'10/11/2018');
INSERT INTO ROL_PERSONA([P_ID_PERSONA  ],[R_ID_ROL ],[FECHA   ]) VALUES(41,41,'08/23/2018'),(42,42,'09/21/2018'),(43,43,'05/11/2018'),(44,44,'05/11/2017'),(45,45,'08/09/2018'),(46,46,'09/23/2018'),(47,47,'01/05/2018'),(48,48,'06/07/2017'),(49,49,'08/12/2018'),(50,50,'10/12/2018');
INSERT INTO ROL_PERSONA([P_ID_PERSONA  ],[R_ID_ROL ],[FECHA   ]) VALUES(51,51,'01/25/2019'),(52,52,'08/21/2018'),(53,53,'11/26/2018'),(54,54,'03/29/2018'),(55,55,'09/02/2018'),(56,56,'07/02/2017'),(57,57,'06/14/2017'),(58,58,'07/23/2017'),(59,59,'04/02/2018'),(60,60,'12/13/2018');
INSERT INTO ROL_PERSONA([P_ID_PERSONA  ],[R_ID_ROL ],[FECHA   ]) VALUES(61,61,'10/22/2017'),(62,62,'04/08/2018'),(63,63,'07/25/2017'),(64,64,'12/05/2018'),(65,65,'12/25/2018'),(66,66,'02/12/2019'),(67,67,'08/27/2018'),(68,68,'11/04/2018'),(69,69,'03/23/2018'),(70,70,'05/14/2018');
INSERT INTO ROL_PERSONA([P_ID_PERSONA  ],[R_ID_ROL ],[FECHA   ]) VALUES(71,71,'12/20/2017'),(72,72,'03/05/2019'),(73,73,'03/02/2018'),(74,74,'08/18/2018'),(75,75,'03/24/2019'),(76,76,'05/19/2017'),(77,77,'08/24/2018'),(78,78,'09/25/2017'),(79,79,'08/16/2018'),(80,80,'03/23/2018');
INSERT INTO ROL_PERSONA([P_ID_PERSONA  ],[R_ID_ROL ],[FECHA   ]) VALUES(81,81,'06/29/2017'),(82,82,'12/13/2017'),(83,83,'01/09/2018'),(84,84,'01/09/2019'),(85,85,'06/28/2017'),(86,86,'07/27/2017'),(87,87,'06/15/2018'),(88,88,'03/01/2018'),(89,89,'03/07/2018'),(90,90,'03/31/2019');
INSERT INTO ROL_PERSONA([P_ID_PERSONA  ],[R_ID_ROL ],[FECHA   ]) VALUES(91,91,'08/12/2018'),(92,92,'07/27/2017'),(93,93,'02/14/2018'),(94,94,'08/08/2017'),(95,95,'05/13/2017'),(96,96,'09/20/2018'),(97,97,'04/17/2018'),(98,98,'03/10/2018'),(99,99,'03/10/2019'),(100,100,'02/22/2018');
-- DEPARTAMENTO :
INSERT INTO DEPARTAMENTO([ID_DEPARTAMENTO ],[NOMBRE_DEPTO ],[DESCRIPCION]) VALUES(1,'PUBLICO','PRIVADO'),(2,'LITIGACION','PUBLICO'),(3,'PUBLICO','ESPECIAL'),(4,'PUBLICO','PUBLICO'),(5,'PUBLICO','PRIVADO'),(6,'HOMICIDIOS','ESPECIAL'),(7,'VICTIMAS ESPECIALES','PRIVADO'),(8,'VICTIMAS ESPECIALES','PUBLICO'),(9,'VICTIMAS ESPECIALES','PUBLICO'),(10,'PUBLICO','PUBLICO');
INSERT INTO DEPARTAMENTO([ID_DEPARTAMENTO ],[NOMBRE_DEPTO ],[DESCRIPCION]) VALUES(11,'LITIGACION','ESPECIAL'),(12,'PUBLICO','PUBLICO'),(13,'LITIGACION','ESPECIAL'),(14,'LITIGACION','ESPECIAL'),(15,'LITIGACION','ESPECIAL'),(16,'VICTIMAS ESPECIALES','ESPECIAL'),(17,'HOMICIDIOS','PRIVADO'),(18,'HOMICIDIOS','ESPECIAL'),(19,'PUBLICO','ESPECIAL'),(20,'HOMICIDIOS','PRIVADO');
INSERT INTO DEPARTAMENTO([ID_DEPARTAMENTO ],[NOMBRE_DEPTO ],[DESCRIPCION]) VALUES(21,'VICTIMAS ESPECIALES','PUBLICO'),(22,'PUBLICO','PRIVADO'),(23,'VICTIMAS ESPECIALES','PRIVADO'),(24,'VICTIMAS ESPECIALES','ESPECIAL'),(25,'VICTIMAS ESPECIALES','ESPECIAL'),(26,'VICTIMAS ESPECIALES','PUBLICO'),(27,'VICTIMAS ESPECIALES','PUBLICO'),(28,'VICTIMAS ESPECIALES','PRIVADO'),(29,'LITIGACION','PRIVADO'),(30,'PUBLICO','PUBLICO');
INSERT INTO DEPARTAMENTO([ID_DEPARTAMENTO ],[NOMBRE_DEPTO ],[DESCRIPCION]) VALUES(31,'PUBLICO','ESPECIAL'),(32,'HOMICIDIOS','ESPECIAL'),(33,'VICTIMAS ESPECIALES','ESPECIAL'),(34,'VICTIMAS ESPECIALES','PUBLICO'),(35,'HOMICIDIOS','ESPECIAL'),(36,'VICTIMAS ESPECIALES','PUBLICO'),(37,'PUBLICO','ESPECIAL'),(38,'PUBLICO','PRIVADO'),(39,'PUBLICO','PRIVADO'),(40,'VICTIMAS ESPECIALES','PRIVADO');
INSERT INTO DEPARTAMENTO([ID_DEPARTAMENTO ],[NOMBRE_DEPTO ],[DESCRIPCION]) VALUES(41,'PUBLICO','PRIVADO'),(42,'HOMICIDIOS','PUBLICO'),(43,'PUBLICO','PRIVADO'),(44,'PUBLICO','PUBLICO'),(45,'LITIGACION','ESPECIAL'),(46,'PUBLICO','PUBLICO'),(47,'PUBLICO','ESPECIAL'),(48,'VICTIMAS ESPECIALES','ESPECIAL'),(49,'LITIGACION','PUBLICO'),(50,'PUBLICO','PUBLICO');
INSERT INTO DEPARTAMENTO([ID_DEPARTAMENTO ],[NOMBRE_DEPTO ],[DESCRIPCION]) VALUES(51,'VICTIMAS ESPECIALES','PRIVADO'),(52,'VICTIMAS ESPECIALES','PRIVADO'),(53,'LITIGACION','ESPECIAL'),(54,'HOMICIDIOS','PUBLICO'),(55,'HOMICIDIOS','PUBLICO'),(56,'HOMICIDIOS','PRIVADO'),(57,'VICTIMAS ESPECIALES','ESPECIAL'),(58,'HOMICIDIOS','ESPECIAL'),(59,'HOMICIDIOS','PRIVADO'),(60,'PUBLICO','ESPECIAL');
INSERT INTO DEPARTAMENTO([ID_DEPARTAMENTO ],[NOMBRE_DEPTO ],[DESCRIPCION]) VALUES(61,'HOMICIDIOS','ESPECIAL'),(62,'HOMICIDIOS','PUBLICO'),(63,'LITIGACION','ESPECIAL'),(64,'LITIGACION','ESPECIAL'),(65,'LITIGACION','PUBLICO'),(66,'PUBLICO','PUBLICO'),(67,'LITIGACION','ESPECIAL'),(68,'HOMICIDIOS','PRIVADO'),(69,'HOMICIDIOS','ESPECIAL'),(70,'PUBLICO','ESPECIAL');
INSERT INTO DEPARTAMENTO([ID_DEPARTAMENTO ],[NOMBRE_DEPTO ],[DESCRIPCION]) VALUES(71,'VICTIMAS ESPECIALES','PRIVADO'),(72,'VICTIMAS ESPECIALES','PRIVADO'),(73,'LITIGACION','PRIVADO'),(74,'PUBLICO','ESPECIAL'),(75,'VICTIMAS ESPECIALES','PUBLICO'),(76,'LITIGACION','ESPECIAL'),(77,'PUBLICO','PUBLICO'),(78,'HOMICIDIOS','ESPECIAL'),(79,'VICTIMAS ESPECIALES','PRIVADO'),(80,'VICTIMAS ESPECIALES','ESPECIAL');
INSERT INTO DEPARTAMENTO([ID_DEPARTAMENTO ],[NOMBRE_DEPTO ],[DESCRIPCION]) VALUES(81,'HOMICIDIOS','ESPECIAL'),(82,'VICTIMAS ESPECIALES','ESPECIAL'),(83,'LITIGACION','PRIVADO'),(84,'HOMICIDIOS','PRIVADO'),(85,'LITIGACION','PRIVADO'),(86,'LITIGACION','PRIVADO'),(87,'LITIGACION','PUBLICO'),(88,'HOMICIDIOS','ESPECIAL'),(89,'PUBLICO','PUBLICO'),(90,'HOMICIDIOS','ESPECIAL');
INSERT INTO DEPARTAMENTO([ID_DEPARTAMENTO ],[NOMBRE_DEPTO ],[DESCRIPCION]) VALUES(91,'VICTIMAS ESPECIALES','ESPECIAL'),(92,'VICTIMAS ESPECIALES','PUBLICO'),(93,'VICTIMAS ESPECIALES','PUBLICO'),(94,'HOMICIDIOS','PUBLICO'),(95,'HOMICIDIOS','PRIVADO'),(96,'HOMICIDIOS','PRIVADO'),(97,'LITIGACION','ESPECIAL'),(98,'HOMICIDIOS','ESPECIAL'),(99,'LITIGACION','PRIVADO'),(100,'HOMICIDIOS','PUBLICO');
-- CASOS :
INSERT INTO CASOS([ID_CASOS ],[NOMBRE_CASO],[E_ID_EVENTO ],[D_ID_DEPARTAMENTOS],[DESCRIPCION],[FECHA_CASO ]) VALUES(1,'DRP',1,1,'JONES VS JONES','16/02/2019'),(2,'DRP',2,2,'HUAWEI VS GOOGLE','13/06/2018'),(3,'PROROGA_TTL',3,3,'DEFENSA PABLO ESCOBAR','15/07/2017'),(4,'DRP',4,4,'CHAPO GUZMAN','27/09/2017'),(5,'DRP',5,5,'DEFENSA PABLO ESCOBAR','06/05/2018'),(6,'',6,6,'HUAWEI VS GOOGLE','27/09/2018'),(7,'SESION_SSC',7,7,'DEFENSA PABLO ESCOBAR','06/12/2018'),(8,'DRP',8,8,'ESPECIALES','27/06/2018'),(9,'',9,9,'HUAWEI VS GOOGLE','16/08/2018'),(10,'',10,10,'KATERIN VS ANABELLE','12/12/2018');
INSERT INTO CASOS([ID_CASOS ],[NOMBRE_CASO],[E_ID_EVENTO ],[D_ID_DEPARTAMENTOS],[DESCRIPCION],[FECHA_CASO ]) VALUES(11,'',11,11,'SESION CARTELES','08/06/2018'),(12,'PROROGA_TTL',12,12,'JONES VS JONES','04/08/2018'),(13,'SESION_SSC',13,13,'CHAPO GUZMAN','27/12/2018'),(14,'DRP',14,14,'HUAWEI VS GOOGLE','07/10/2018'),(15,'',15,15,'HUAWEI VS GOOGLE','27/06/2017'),(16,'SESION_SSC',16,16,'DEFENSA PABLO ESCOBAR','07/03/2019'),(17,'SESION_SSC',17,17,'CHAPO GUZMAN','14/02/2018'),(18,'',18,18,'ESPECIALES','30/03/2018'),(19,'DRP',19,19,'HUAWEI VS GOOGLE','13/02/2018'),(20,'ACUSE_DMF',20,20,'CHAPO GUZMAN','07/02/2018');
INSERT INTO CASOS([ID_CASOS ],[NOMBRE_CASO],[E_ID_EVENTO ],[D_ID_DEPARTAMENTOS],[DESCRIPCION],[FECHA_CASO ]) VALUES(21,'',21,21,'CHAPO GUZMAN','19/11/2018'),(22,'',22,22,'SESION CARTELES','31/07/2017'),(23,'PROROGA_TTL',23,23,'SESION CARTELES','03/08/2018'),(24,'SESION_SSC',24,24,'DEFENSA PABLO ESCOBAR','03/08/2017'),(25,'DRP',25,25,'JONES VS JONES','16/06/2017'),(26,'SESION_SSC',26,26,'CHAPO GUZMAN','27/06/2018'),(27,'DRP',27,27,'ESPECIALES','25/09/2017'),(28,'DRP',28,28,'ESPECIALES','09/11/2018'),(29,'',29,29,'CHAPO GUZMAN','11/06/2017'),(30,'DRP',30,30,'HUAWEI VS GOOGLE','29/08/2017');
INSERT INTO CASOS([ID_CASOS ],[NOMBRE_CASO],[E_ID_EVENTO ],[D_ID_DEPARTAMENTOS],[DESCRIPCION],[FECHA_CASO ]) VALUES(31,'ACUSE_DMF',31,31,'ESPECIALES','12/03/2018'),(32,'PROROGA_TTL',32,32,'DEFENSA PABLO ESCOBAR','30/07/2017'),(33,'PROROGA_TTL',33,33,'KATERIN VS ANABELLE','08/05/2018'),(34,'DRP',34,34,'DEFENSA PABLO ESCOBAR','27/08/2018'),(35,'PROROGA_TTL',35,35,'SESION CARTELES','19/10/2017'),(36,'DRP',36,36,'HUAWEI VS GOOGLE','07/06/2017'),(37,'SESION_SSC',37,37,'KATERIN VS ANABELLE','23/10/2018'),(38,'',38,38,'ESPECIALES','15/09/2017'),(39,'ACUSE_DMF',39,39,'SESION CARTELES','16/02/2018'),(40,'ACUSE_DMF',40,40,'CHAPO GUZMAN','05/05/2018');
INSERT INTO CASOS([ID_CASOS ],[NOMBRE_CASO],[E_ID_EVENTO ],[D_ID_DEPARTAMENTOS],[DESCRIPCION],[FECHA_CASO ]) VALUES(41,'PROROGA_TTL',41,41,'JONES VS JONES','14/08/2017'),(42,'ACUSE_DMF',42,42,'CHAPO GUZMAN','31/01/2019'),(43,'DRP',43,43,'SESION CARTELES','14/09/2018'),(44,'PROROGA_TTL',44,44,'CHAPO GUZMAN','04/02/2019'),(45,'ACUSE_DMF',45,45,'KATERIN VS ANABELLE','09/12/2017'),(46,'SESION_SSC',46,46,'SESION CARTELES','26/08/2017'),(47,'',47,47,'KATERIN VS ANABELLE','26/03/2019'),(48,'SESION_SSC',48,48,'HUAWEI VS GOOGLE','11/02/2018'),(49,'DRP',49,49,'ESPECIALES','31/08/2017'),(50,'SESION_SSC',50,50,'SESION CARTELES','22/03/2018');
INSERT INTO CASOS([ID_CASOS ],[NOMBRE_CASO],[E_ID_EVENTO ],[D_ID_DEPARTAMENTOS],[DESCRIPCION],[FECHA_CASO ]) VALUES(51,'DRP',51,51,'JONES VS JONES','09/03/2018'),(52,'DRP',52,52,'HUAWEI VS GOOGLE','28/04/2019'),(53,'',53,53,'HUAWEI VS GOOGLE','15/06/2018'),(54,'',54,54,'CHAPO GUZMAN','15/04/2019'),(55,'DRP',55,55,'JONES VS JONES','06/11/2018'),(56,'SESION_SSC',56,56,'HUAWEI VS GOOGLE','11/05/2017'),(57,'ACUSE_DMF',57,57,'DEFENSA PABLO ESCOBAR','21/09/2017'),(58,'ACUSE_DMF',58,58,'DEFENSA PABLO ESCOBAR','19/02/2018'),(59,'SESION_SSC',59,59,'ESPECIALES','07/08/2018'),(60,'PROROGA_TTL',60,60,'ESPECIALES','29/05/2017');
INSERT INTO CASOS([ID_CASOS ],[NOMBRE_CASO],[E_ID_EVENTO ],[D_ID_DEPARTAMENTOS],[DESCRIPCION],[FECHA_CASO ]) VALUES(61,'',61,61,'ESPECIALES','05/08/2017'),(62,'DRP',62,62,'ESPECIALES','09/09/2017'),(63,'',63,63,'KATERIN VS ANABELLE','07/03/2019'),(64,'ACUSE_DMF',64,64,'KATERIN VS ANABELLE','16/06/2018'),(65,'PROROGA_TTL',65,65,'JONES VS JONES','15/09/2017'),(66,'DRP',66,66,'HUAWEI VS GOOGLE','20/05/2017'),(67,'PROROGA_TTL',67,67,'SESION CARTELES','18/04/2018'),(68,'PROROGA_TTL',68,68,'KATERIN VS ANABELLE','20/07/2018'),(69,'',69,69,'ESPECIALES','07/10/2017'),(70,'DRP',70,70,'ESPECIALES','04/10/2017');
INSERT INTO CASOS([ID_CASOS ],[NOMBRE_CASO],[E_ID_EVENTO ],[D_ID_DEPARTAMENTOS],[DESCRIPCION],[FECHA_CASO ]) VALUES(71,'ACUSE_DMF',71,71,'DEFENSA PABLO ESCOBAR','05/02/2019'),(72,'',72,72,'JONES VS JONES','15/09/2017'),(73,'PROROGA_TTL',73,73,'SESION CARTELES','07/03/2018'),(74,'PROROGA_TTL',74,74,'CHAPO GUZMAN','09/02/2018'),(75,'ACUSE_DMF',75,75,'HUAWEI VS GOOGLE','11/10/2017'),(76,'PROROGA_TTL',76,76,'JONES VS JONES','12/10/2017'),(77,'SESION_SSC',77,77,'HUAWEI VS GOOGLE','28/03/2019'),(78,'PROROGA_TTL',78,78,'KATERIN VS ANABELLE','06/06/2017'),(79,'SESION_SSC',79,79,'DEFENSA PABLO ESCOBAR','13/03/2019'),(80,'PROROGA_TTL',80,80,'CHAPO GUZMAN','13/10/2017');
INSERT INTO CASOS([ID_CASOS ],[NOMBRE_CASO],[E_ID_EVENTO ],[D_ID_DEPARTAMENTOS],[DESCRIPCION],[FECHA_CASO ]) VALUES(81,'PROROGA_TTL',81,81,'KATERIN VS ANABELLE','13/10/2017'),(82,'PROROGA_TTL',82,82,'JONES VS JONES','05/01/2019'),(83,'PROROGA_TTL',83,83,'CHAPO GUZMAN','09/03/2019'),(84,'PROROGA_TTL',84,84,'SESION CARTELES','06/08/2017'),(85,'PROROGA_TTL',85,85,'DEFENSA PABLO ESCOBAR','16/05/2017'),(86,'',86,86,'JONES VS JONES','26/06/2018'),(87,'SESION_SSC',87,87,'CHAPO GUZMAN','06/11/2017'),(88,'DRP',88,88,'JONES VS JONES','06/11/2018'),(89,'SESION_SSC',89,89,'JONES VS JONES','30/10/2018'),(90,'DRP',90,90,'KATERIN VS ANABELLE','23/02/2019');
INSERT INTO CASOS([ID_CASOS ],[NOMBRE_CASO],[E_ID_EVENTO ],[D_ID_DEPARTAMENTOS],[DESCRIPCION],[FECHA_CASO ]) VALUES(91,'ACUSE_DMF',91,91,'SESION CARTELES','11/02/2018'),(92,'',92,92,'JONES VS JONES','12/07/2017'),(93,'',93,93,'DEFENSA PABLO ESCOBAR','23/01/2018'),(94,'PROROGA_TTL',94,94,'SESION CARTELES','03/02/2018'),(95,'PROROGA_TTL',95,95,'HUAWEI VS GOOGLE','04/08/2018'),(96,'',96,96,'KATERIN VS ANABELLE','07/12/2017'),(97,'PROROGA_TTL',97,97,'ESPECIALES','31/05/2017'),(98,'SESION_SSC',98,98,'KATERIN VS ANABELLE','25/02/2018'),(99,'DRP',99,99,'KATERIN VS ANABELLE','15/09/2017'),(100,'ACUSE_DMF',100,100,'HUAWEI VS GOOGLE','04/02/2018');
-- PERSONA_CASOS :
INSERT INTO PERSONA_CASOS([C_ID_CASOS ],[P_ID_PERSONA ]) VALUES(1,1),(2,2),(3,3),(4,4),(5,5),(6,6),(7,7),(8,8),(9,9),(10,10);
INSERT INTO PERSONA_CASOS([C_ID_CASOS ],[P_ID_PERSONA ]) VALUES(11,11),(12,12),(13,13),(14,14),(15,15),(16,16),(17,17),(18,18),(19,19),(20,20);
INSERT INTO PERSONA_CASOS([C_ID_CASOS ],[P_ID_PERSONA ]) VALUES(21,21),(22,22),(23,23),(24,24),(25,25),(26,26),(27,27),(28,28),(29,29),(30,30);
INSERT INTO PERSONA_CASOS([C_ID_CASOS ],[P_ID_PERSONA ]) VALUES(31,31),(32,32),(33,33),(34,34),(35,35),(36,36),(37,37),(38,38),(39,39),(40,40);
INSERT INTO PERSONA_CASOS([C_ID_CASOS ],[P_ID_PERSONA ]) VALUES(41,41),(42,42),(43,43),(44,44),(45,45),(46,46),(47,47),(48,48),(49,49),(50,50);
INSERT INTO PERSONA_CASOS([C_ID_CASOS ],[P_ID_PERSONA ]) VALUES(51,51),(52,52),(53,53),(54,54),(55,55),(56,56),(57,57),(58,58),(59,59),(60,60);
INSERT INTO PERSONA_CASOS([C_ID_CASOS ],[P_ID_PERSONA ]) VALUES(61,61),(62,62),(63,63),(64,64),(65,65),(66,66),(67,67),(68,68),(69,69),(70,70);
INSERT INTO PERSONA_CASOS([C_ID_CASOS ],[P_ID_PERSONA ]) VALUES(71,71),(72,72),(73,73),(74,74),(75,75),(76,76),(77,77),(78,78),(79,79),(80,80);
INSERT INTO PERSONA_CASOS([C_ID_CASOS ],[P_ID_PERSONA ]) VALUES(81,81),(82,82),(83,83),(84,84),(85,85),(86,86),(87,87),(88,88),(89,89),(90,90);
INSERT INTO PERSONA_CASOS([C_ID_CASOS ],[P_ID_PERSONA ]) VALUES(91,91),(92,92),(93,93),(94,94),(95,95),(96,96),(97,97),(98,98),(99,99),(100,100);
-- EVENTOS :
INSERT INTO EVENTOS([ID_EVENTO],[NOMBRE_EVENTO ],[TIPO_EVENTO],[FECHA_EVENTO],[DESCRIPCION ]) VALUES(1,'','PRIVADO','04/06/2018','INVITADOS ESPECIALES'),(2,'SESION EXTENDIDA','PRIVADO','09/13/2017','PARTICIOANTES EXPLICITOS'),(3,'SESION NORMAL','PUBLICO','12/16/2017','INVITADOS ESPECIALES'),(4,'SESION NORMAL','PRIVADO','03/25/2019','COLABORADORES'),(5,'SESION AVANZADA','PRIVADO','12/04/2017','CONSEJO ABIERTO'),(6,'SESION EXTENDIDA','PRIVADO','05/16/2017','COLABORADORES'),(7,'SESION ABIERTA','PUBLICO','09/30/2017','PARTICIPANTES IMPLICITOS'),(8,'SESION NORMAL','PRIVADO','10/14/2017','PARTICIPANTES IMPLICITOS'),(9,'SESION ABIERTA','PRIVADO','01/03/2019','INVITADOS ESPECIALES'),(10,'','PUBLICO','02/26/2019','PARTICIPANTES IMPLICITOS');
INSERT INTO EVENTOS([ID_EVENTO],[NOMBRE_EVENTO ],[TIPO_EVENTO],[FECHA_EVENTO],[DESCRIPCION ]) VALUES(11,'','PRIVADO','06/18/2017','COLABORADORES'),(12,'SESION ABIERTA','PRIVADO','03/09/2018','PARTICIOANTES EXPLICITOS'),(13,'SESION ABIERTA','PUBLICO','03/17/2018','INVITADOS ESPECIALES'),(14,'','PUBLICO','01/21/2019','CONSEJO ABIERTO'),(15,'SESION ABIERTA','PRIVADO','08/20/2018','PARTICIPANTES IMPLICITOS'),(16,'','PUBLICO','02/10/2019','COLABORADORES'),(17,'SESION AVANZADA','PUBLICO','10/16/2017','CONSEJO ABIERTO'),(18,'SESION EXTENDIDA','PUBLICO','10/08/2017','COLABORADORES'),(19,'SESION AVANZADA','PUBLICO','09/30/2017','CONSEJO ABIERTO'),(20,'','PUBLICO','06/17/2017','PARTICIOANTES EXPLICITOS');
INSERT INTO EVENTOS([ID_EVENTO],[NOMBRE_EVENTO ],[TIPO_EVENTO],[FECHA_EVENTO],[DESCRIPCION ]) VALUES(21,'SESION NORMAL','PRIVADO','09/02/2017','PARTICIOANTES EXPLICITOS'),(22,'SESION EXTENDIDA','PRIVADO','12/13/2017','PARTICIPANTES IMPLICITOS'),(23,'CONTINUIDAD','PRIVADO','08/13/2018','PARTICIPANTES IMPLICITOS'),(24,'SESION ABIERTA','PRIVADO','10/19/2017','PARTICIPANTES IMPLICITOS'),(25,'SESION AVANZADA','PRIVADO','02/10/2019','PARTICIOANTES EXPLICITOS'),(26,'SESION AVANZADA','PRIVADO','08/28/2017','PARTICIOANTES EXPLICITOS'),(27,'SESION AVANZADA','PUBLICO','04/18/2018','COLABORADORES'),(28,'SESION AVANZADA','PRIVADO','12/25/2017','PARTICIOANTES EXPLICITOS'),(29,'SESION ABIERTA','PUBLICO','08/06/2018','PARTICIOANTES EXPLICITOS'),(30,'','PRIVADO','03/30/2018','INVITADOS ESPECIALES');
INSERT INTO EVENTOS([ID_EVENTO],[NOMBRE_EVENTO ],[TIPO_EVENTO],[FECHA_EVENTO],[DESCRIPCION ]) VALUES(31,'SESION EXTENDIDA','PUBLICO','06/17/2017','INVITADOS ESPECIALES'),(32,'SESION EXTENDIDA','PUBLICO','09/07/2017','COLABORADORES'),(33,'SESION AVANZADA','PUBLICO','08/14/2018','PARTICIOANTES EXPLICITOS'),(34,'SESION NORMAL','PRIVADO','03/15/2019','INVITADOS ESPECIALES'),(35,'CONTINUIDAD','PRIVADO','06/13/2018','PARTICIPANTES IMPLICITOS'),(36,'CONTINUIDAD','PRIVADO','02/27/2018','COLABORADORES'),(37,'SESION EXTENDIDA','PUBLICO','03/26/2018','PARTICIPANTES IMPLICITOS'),(38,'SESION AVANZADA','PRIVADO','08/08/2017','PARTICIPANTES IMPLICITOS'),(39,'CONTINUIDAD','PUBLICO','05/22/2018','INVITADOS ESPECIALES'),(40,'SESION AVANZADA','PUBLICO','05/26/2017','INVITADOS ESPECIALES');
INSERT INTO EVENTOS([ID_EVENTO],[NOMBRE_EVENTO ],[TIPO_EVENTO],[FECHA_EVENTO],[DESCRIPCION ]) VALUES(41,'CONTINUIDAD','PUBLICO','06/17/2018','PARTICIPANTES IMPLICITOS'),(42,'SESION EXTENDIDA','PUBLICO','11/03/2018','CONSEJO ABIERTO'),(43,'SESION NORMAL','PRIVADO','11/06/2017','INVITADOS ESPECIALES'),(44,'SESION NORMAL','PRIVADO','08/29/2017','PARTICIOANTES EXPLICITOS'),(45,'SESION AVANZADA','PRIVADO','04/01/2019','PARTICIPANTES IMPLICITOS'),(46,'CONTINUIDAD','PUBLICO','11/21/2018','INVITADOS ESPECIALES'),(47,'SESION EXTENDIDA','PRIVADO','01/23/2019','PARTICIOANTES EXPLICITOS'),(48,'','PUBLICO','04/08/2018','INVITADOS ESPECIALES'),(49,'SESION AVANZADA','PRIVADO','04/28/2019','CONSEJO ABIERTO'),(50,'CONTINUIDAD','PUBLICO','02/01/2019','CONSEJO ABIERTO');
INSERT INTO EVENTOS([ID_EVENTO],[NOMBRE_EVENTO ],[TIPO_EVENTO],[FECHA_EVENTO],[DESCRIPCION ]) VALUES(51,'CONTINUIDAD','PRIVADO','10/01/2017','PARTICIOANTES EXPLICITOS'),(52,'SESION AVANZADA','PRIVADO','05/08/2017','COLABORADORES'),(53,'','PUBLICO','01/18/2019','COLABORADORES'),(54,'','PUBLICO','02/10/2019','COLABORADORES'),(55,'SESION ABIERTA','PRIVADO','04/20/2018','PARTICIOANTES EXPLICITOS'),(56,'SESION NORMAL','PUBLICO','10/27/2018','INVITADOS ESPECIALES'),(57,'SESION NORMAL','PRIVADO','01/01/2019','PARTICIPANTES IMPLICITOS'),(58,'CONTINUIDAD','PRIVADO','03/07/2018','PARTICIPANTES IMPLICITOS'),(59,'SESION ABIERTA','PUBLICO','10/17/2018','PARTICIPANTES IMPLICITOS'),(60,'SESION ABIERTA','PUBLICO','11/02/2018','COLABORADORES');
INSERT INTO EVENTOS([ID_EVENTO],[NOMBRE_EVENTO ],[TIPO_EVENTO],[FECHA_EVENTO],[DESCRIPCION ]) VALUES(61,'SESION EXTENDIDA','PRIVADO','06/22/2018','COLABORADORES'),(62,'SESION EXTENDIDA','PUBLICO','10/20/2017','PARTICIPANTES IMPLICITOS'),(63,'CONTINUIDAD','PRIVADO','05/03/2017','PARTICIOANTES EXPLICITOS'),(64,'SESION AVANZADA','PRIVADO','07/03/2018','PARTICIPANTES IMPLICITOS'),(65,'SESION AVANZADA','PRIVADO','08/06/2018','PARTICIOANTES EXPLICITOS'),(66,'','PUBLICO','05/31/2018','COLABORADORES'),(67,'SESION AVANZADA','PRIVADO','09/25/2017','CONSEJO ABIERTO'),(68,'','PUBLICO','02/26/2018','PARTICIOANTES EXPLICITOS'),(69,'SESION AVANZADA','PUBLICO','09/06/2017','CONSEJO ABIERTO'),(70,'SESION NORMAL','PRIVADO','08/01/2018','INVITADOS ESPECIALES');
INSERT INTO EVENTOS([ID_EVENTO],[NOMBRE_EVENTO ],[TIPO_EVENTO],[FECHA_EVENTO],[DESCRIPCION ]) VALUES(71,'SESION NORMAL','PUBLICO','07/31/2017','INVITADOS ESPECIALES'),(72,'SESION EXTENDIDA','PUBLICO','06/23/2018','CONSEJO ABIERTO'),(73,'SESION ABIERTA','PUBLICO','12/03/2018','COLABORADORES'),(74,'','PRIVADO','11/19/2018','PARTICIOANTES EXPLICITOS'),(75,'SESION ABIERTA','PUBLICO','07/23/2017','CONSEJO ABIERTO'),(76,'SESION EXTENDIDA','PRIVADO','07/10/2017','PARTICIOANTES EXPLICITOS'),(77,'SESION NORMAL','PUBLICO','05/13/2017','PARTICIOANTES EXPLICITOS'),(78,'CONTINUIDAD','PUBLICO','09/15/2018','CONSEJO ABIERTO'),(79,'SESION EXTENDIDA','PRIVADO','10/10/2017','COLABORADORES'),(80,'SESION AVANZADA','PRIVADO','01/31/2018','CONSEJO ABIERTO');
INSERT INTO EVENTOS([ID_EVENTO],[NOMBRE_EVENTO ],[TIPO_EVENTO],[FECHA_EVENTO],[DESCRIPCION ]) VALUES(81,'SESION NORMAL','PRIVADO','09/13/2017','PARTICIOANTES EXPLICITOS'),(82,'SESION EXTENDIDA','PUBLICO','06/29/2017','CONSEJO ABIERTO'),(83,'SESION EXTENDIDA','PUBLICO','04/16/2019','COLABORADORES'),(84,'','PRIVADO','11/15/2018','CONSEJO ABIERTO'),(85,'SESION AVANZADA','PUBLICO','02/26/2018','COLABORADORES'),(86,'','PUBLICO','07/09/2017','COLABORADORES'),(87,'SESION EXTENDIDA','PRIVADO','01/25/2019','COLABORADORES'),(88,'SESION AVANZADA','PRIVADO','03/08/2018','CONSEJO ABIERTO'),(89,'SESION NORMAL','PUBLICO','03/11/2018','PARTICIOANTES EXPLICITOS'),(90,'CONTINUIDAD','PUBLICO','08/11/2018','COLABORADORES');
INSERT INTO EVENTOS([ID_EVENTO],[NOMBRE_EVENTO ],[TIPO_EVENTO],[FECHA_EVENTO],[DESCRIPCION ]) VALUES(91,'SESION AVANZADA','PRIVADO','02/12/2019','CONSEJO ABIERTO'),(92,'SESION EXTENDIDA','PRIVADO','02/05/2018','PARTICIPANTES IMPLICITOS'),(93,'SESION AVANZADA','PUBLICO','08/06/2017','INVITADOS ESPECIALES'),(94,'SESION AVANZADA','PRIVADO','05/22/2017','INVITADOS ESPECIALES'),(95,'SESION ABIERTA','PUBLICO','01/05/2018','CONSEJO ABIERTO'),(96,'SESION ABIERTA','PRIVADO','01/06/2019','PARTICIOANTES EXPLICITOS'),(97,'SESION EXTENDIDA','PRIVADO','09/25/2017','PARTICIPANTES IMPLICITOS'),(98,'SESION ABIERTA','PUBLICO','06/16/2018','PARTICIOANTES EXPLICITOS'),(99,'','PUBLICO','04/04/2018','COLABORADORES'),(100,'SESION ABIERTA','PUBLICO','12/28/2018','PARTICIOANTES EXPLICITOS');
-- ESTATUS :
INSERT INTO ESTATUS([ID_ESTATUS],[E_ID_EVENTO  ],[ESTADO]) VALUES(1,1,'ABIERTO'),(2,2,'PENDIENTE'),(3,3,'CONCLUIDO'),(4,4,'PENDIENTE'),(5,5,'ABIERTO'),(6,6,'PENDIENTE'),(7,7,'PENDIENTE'),(8,8,'ABIERTO'),(9,9,'ABIERTO'),(10,10,'CONCLUIDO');
INSERT INTO ESTATUS([ID_ESTATUS],[E_ID_EVENTO  ],[ESTADO]) VALUES(11,11,'CONCLUIDO'),(12,12,'PENDIENTE'),(13,13,'PENDIENTE'),(14,14,'PENDIENTE'),(15,15,'CONCLUIDO'),(16,16,'ABIERTO'),(17,17,'CONCLUIDO'),(18,18,'PENDIENTE'),(19,19,'ABIERTO'),(20,20,'ABIERTO');
INSERT INTO ESTATUS([ID_ESTATUS],[E_ID_EVENTO  ],[ESTADO]) VALUES(21,21,'ABIERTO'),(22,22,'ABIERTO'),(23,23,'PENDIENTE'),(24,24,'CONCLUIDO'),(25,25,'PENDIENTE'),(26,26,'PENDIENTE'),(27,27,'ABIERTO'),(28,28,'ABIERTO'),(29,29,'ABIERTO'),(30,30,'ABIERTO');
INSERT INTO ESTATUS([ID_ESTATUS],[E_ID_EVENTO  ],[ESTADO]) VALUES(31,31,'ABIERTO'),(32,32,'ABIERTO'),(33,33,'CONCLUIDO'),(34,34,'ABIERTO'),(35,35,'CONCLUIDO'),(36,36,'CONCLUIDO'),(37,37,'CONCLUIDO'),(38,38,'ABIERTO'),(39,39,'PENDIENTE'),(40,40,'PENDIENTE');
INSERT INTO ESTATUS([ID_ESTATUS],[E_ID_EVENTO  ],[ESTADO]) VALUES(41,41,'ABIERTO'),(42,42,'ABIERTO'),(43,43,'ABIERTO'),(44,44,'ABIERTO'),(45,45,'CONCLUIDO'),(46,46,'ABIERTO'),(47,47,'PENDIENTE'),(48,48,'ABIERTO'),(49,49,'CONCLUIDO'),(50,50,'ABIERTO');
INSERT INTO ESTATUS([ID_ESTATUS],[E_ID_EVENTO  ],[ESTADO]) VALUES(51,51,'CONCLUIDO'),(52,52,'CONCLUIDO'),(53,53,'CONCLUIDO'),(54,54,'PENDIENTE'),(55,55,'ABIERTO'),(56,56,'CONCLUIDO'),(57,57,'PENDIENTE'),(58,58,'ABIERTO'),(59,59,'CONCLUIDO'),(60,60,'CONCLUIDO');
INSERT INTO ESTATUS([ID_ESTATUS],[E_ID_EVENTO  ],[ESTADO]) VALUES(61,61,'PENDIENTE'),(62,62,'PENDIENTE'),(63,63,'CONCLUIDO'),(64,64,'ABIERTO'),(65,65,'CONCLUIDO'),(66,66,'ABIERTO'),(67,67,'ABIERTO'),(68,68,'PENDIENTE'),(69,69,'CONCLUIDO'),(70,70,'PENDIENTE');
INSERT INTO ESTATUS([ID_ESTATUS],[E_ID_EVENTO  ],[ESTADO]) VALUES(71,71,'CONCLUIDO'),(72,72,'PENDIENTE'),(73,73,'PENDIENTE'),(74,74,'CONCLUIDO'),(75,75,'CONCLUIDO'),(76,76,'PENDIENTE'),(77,77,'CONCLUIDO'),(78,78,'ABIERTO'),(79,79,'CONCLUIDO'),(80,80,'CONCLUIDO');
INSERT INTO ESTATUS([ID_ESTATUS],[E_ID_EVENTO  ],[ESTADO]) VALUES(81,81,'ABIERTO'),(82,82,'PENDIENTE'),(83,83,'CONCLUIDO'),(84,84,'CONCLUIDO'),(85,85,'PENDIENTE'),(86,86,'ABIERTO'),(87,87,'ABIERTO'),(88,88,'PENDIENTE'),(89,89,'PENDIENTE'),(90,90,'PENDIENTE');
INSERT INTO ESTATUS([ID_ESTATUS],[E_ID_EVENTO  ],[ESTADO]) VALUES(91,91,'PENDIENTE'),(92,92,'PENDIENTE'),(93,93,'CONCLUIDO'),(94,94,'ABIERTO'),(95,95,'ABIERTO'),(96,96,'PENDIENTE'),(97,97,'CONCLUIDO'),(98,98,'ABIERTO'),(99,99,'PENDIENTE'),(100,100,'CONCLUIDO');
--********************************************************** CONSULTAS *******************
-- CONSULTA 1 :
SELECT PERSONA.NOMBRE AS NOMBRE, ROL.TIPO AS ROL FROM PERSONA, ROL, ROL_PERSONA 
WHERE P_ID_PERSONA = ROL_PERSONA.P_ID_PERSONA AND ROL.ID_ROL = ROL_PERSONA.R_ID_ROL;
-- CONSULTA 2:
SELECT PERSONA.NOMBRE AS NOMBRE, ROL.TIPO AS ROL, DEPARTAMENTO.NOMBRE_DEPTO FROM PERSONA, ROL, ROL_PERSONA, DEPARTAMENTO 
WHERE P_ID_PERSONA = ROL_PERSONA.P_ID_PERSONA AND ROL.ID_ROL = ROL_PERSONA.R_ID_ROL AND DEPARTAMENTO.ID_DEPARTAMENTO = PERSONA.D_ID_DEPARTAMENTO;
--*****************************************************************************************
SELECT * FROM PERSONA
SELECT * FROM ROL
SELECT * FROM ROL_PERSONA
SELECT * FROM DEPARTAMENTO
SELECT * FROM EVENTOS
SELECT * FROM ESTATUS
SELECT * FROM PERSONA_CASOS
--MAS CONSULTAS
select nombre, MONTH(fechanacimiento) from PERSONA WHERE MONTH (FECHANACIMIENTO) = 2 ORDER BY (FECHANACIMIENTO)DESC; 
--PARES
select nombre, MONTH(fechanacimiento) from PERSONA WHERE MONTH (FECHANACIMIENTO)%2=0 ;
--AÑO
select nombre, YEAR(fechanacimiento) from PERSONA WHERE YEAR (FECHANACIMIENTO)<=1984 ORDER BY (FECHANACIMIENTO)DESC; 

--CONSULTA MOSTRAR NOMBRE DE LA PERSONA E INDIQUE SU EDAD ACTUAL :
SELECT PERSONA.NOMBRE, PERSONA.FECHANACIMIENTO, (CAST(DATEDIFF(DD,FECHANACIMIENTO,GETDATE())/365 AS INT)) AS EDAD FROM PERSONA; 

